,precision,recall,f1-score,support
1,0.875,1.0,0.9333333333333333,7.0
2,0.8333333333333334,1.0,0.9090909090909091,5.0
4,0.5,1.0,0.6666666666666666,1.0
5,0.0,0.0,0.0,1.0
6,0.75,1.0,0.8571428571428571,3.0
7,1.0,0.25,0.4,4.0
accuracy,0.8095238095238095,0.8095238095238095,0.8095238095238095,0.8095238095238095
macro avg,0.6597222222222222,0.7083333333333334,0.6277056277056277,21.0
weighted avg,0.8115079365079365,0.8095238095238095,0.7579468150896721,21.0
